INSERT INTO origins (origin_id, origin_name)
VALUES
    (1, 'Northern Vietnam'),
    (2, 'Central Vietnam'),
    (3, 'Southern Vietnam'),
    (4, 'Thailand'),
    (5, 'France'),
    (6, 'Japan'),
    (7, 'Korea'),
    (8, 'Spain'),
    (9, 'Germany'),
    (10, 'Italy'),
    (11, 'Australia'),
    (12, 'Turkey'),
    (13, 'Russia'),
    (14, 'Mexico'),
    (15, 'China'),
    (16, 'Arab'),
    (17, 'Greece'),
    (18, 'England'),
    (19, 'Portugal'),
    (20, 'Philippines');

INSERT INTO categories (category_id, category_name)
VALUES
    (1, 'Appetizers'),
    (2, 'Salads'),
    (3, 'Soups'),
    (4, 'Main Dish'),
    (5, 'Seafood'),
    (6, 'Pasta'),
    (7, 'Pizza'),
    (8, 'Sandwiches'),
    (9, 'Chicken'),
    (10, 'Steak'),
    (11, 'Vegetarian'),
    (12, 'Rice Dishes'),
    (13, 'Noodles'),
    (14, 'Vegetables'),
    (15, 'Beverages'),
    (16, 'Dessert'),
    (17, 'Snacks'),
    (18, 'Kids Menu'),
    (19, 'Cakes'),
    (20, 'Ice Cream');
INSERT INTO dishes (dish_id, dish_name, price, category_id, unavailable_start_time, unavailable_end_time)
VALUES
    -- Category 1: Appetizers
    (1, 'Garlic Bread', 70000, 1, '15:00:00', '16:30:00'),
    (2, 'Chicken Wings', 80000, 1, NULL, NULL),
    (3, 'Mozzarella Sticks', 90000, 1, NULL, NULL),
    (4, 'Bruschetta', 100000, 1, NULL, NULL),
    (5, 'Nachos', 120000, 1, NULL, NULL),
    (6, 'Spinach Artichoke Dip', 110000, 1, NULL, NULL),
    (7, 'Calamari Rings', 100000, 1, '20:00:00', '21:30:00'),
    (8, 'Stuffed Mushrooms', 90000, 1, NULL, NULL),
    (9, 'Onion Rings', 80000, 1, NULL, NULL),
    (10, 'Shrimp Cocktail', 100000, 1, NULL, NULL),

    -- Category 2: Salads
    (11, 'Caesar Salad', 90000, 2, NULL, NULL),
    (12, 'Greek Salad', 80000, 2, NULL, NULL),
    (13, 'Caprese Salad', 70000, 2, NULL, NULL),
    (14, 'Cobb Salad', 100000, 2, '15:00:00', '16:30:00'),
    (15, 'Chicken Salad', 120000, 2, NULL, NULL),
    (16, 'Mixed Green Salad', 110000, 2, NULL, NULL),
    (17, 'Quinoa Salad', 100000, 2, NULL, NULL),
    (18, 'Fruit Salad', 90000, 2, '20:00:00', '21:30:00'),
    (19, 'Waldorf Salad', 80000, 2, NULL, NULL),
    (20, 'Tuna Salad', 100000, 2, NULL, NULL),

    -- Category 3: Soups
    (21, 'Tomato Soup', 60000, 3, NULL, NULL),
    (22, 'Chicken Noodle Soup', 70000, 3, NULL, NULL),
    (23, 'Minestrone Soup', 80000, 3, NULL, NULL),
    (24, 'Mushroom Soup', 90000, 3, '15:00:00', '16:30:00'),
    (25, 'Lentil Soup', 100000, 3, NULL, NULL),
    (26, 'Clam Chowder', 110000, 3, NULL, NULL),
    (27, 'French Onion Soup', 120000, 3, NULL, NULL),
    (28, 'Hot and Sour Soup', 130000, 3, '20:00:00', '21:30:00'),
    (29, 'Pho', 140000, 3, NULL, NULL),
    (30, 'Tom Yum Soup', 150000, 3, NULL, NULL),

    -- Category 4: Main Dish
    (31, 'Grilled Salmon', 160000, 4, NULL, NULL),
    (32, 'Beef Tenderloin', 170000, 4, NULL, NULL),
    (33, 'Chicken Parmesan', 180000, 4, NULL, NULL),
    (34, 'Vegetable Stir Fry', 190000, 4, '15:00:00', '16:30:00'),
    (35, 'Baked Ziti', 200000, 4, NULL, NULL),
    (36, 'Fish and Chips', 210000, 4, NULL, NULL),
    (37, 'Mongolian Beef', 220000, 4, '20:00:00', '21:30:00'),
    (38, 'Eggplant Parmesan', 230000, 4, NULL, NULL),
    (39, 'Teriyaki Chicken', 240000, 4, NULL, NULL),
    (40, 'Stuffed Bell Peppers', 250000, 4, NULL, NULL);
INSERT INTO dishes (dish_id, dish_name, price, category_id, unavailable_start_time, unavailable_end_time)
VALUES
    -- Category 5: Seafood
    (41, 'Grilled Shrimp', 260000, 5, '12:00:00', '14:00:00'),
    (42, 'Lobster Bisque', 270000, 5, NULL, NULL),
    (43, 'Clam Linguine', 280000, 5, NULL, NULL),
    (44, 'Scallops with Bacon', 290000, 5, NULL, NULL),
    (45, 'Fish Tacos', 300000, 5, NULL, NULL),
    (46, 'Shrimp Scampi', 310000, 5, NULL, NULL),
    (47, 'Crab Cakes', 320000, 5, NULL, NULL),
    (48, 'Salmon Teriyaki', 330000, 5, '12:00:00', '14:00:00'),
    (49, 'Seafood Paella', 340000, 5, NULL, NULL),
    (50, 'Oysters Rockefeller', 350000, 5, NULL, NULL),

    -- Category 6: Pasta
    (51, 'Spaghetti Bolognese', 220000, 6, NULL, NULL),
    (52, 'Fettuccine Alfredo', 230000, 6, NULL, NULL),
    (53, 'Penne Arrabiata', 240000, 6, NULL, NULL),
    (54, 'Lasagna', 250000, 6, NULL, NULL),
    (55, 'Ravioli with Marinara Sauce', 260000, 6, NULL, NULL),
    (56, 'Carbonara', 270000, 6, NULL, NULL),
    (57, 'Pesto Pasta', 280000, 6, NULL, NULL),
    (58, 'Mac and Cheese', 290000, 6, NULL, NULL),
    (59, 'Shrimp Linguine', 300000, 6, '12:00:00', '14:00:00'),
    (60, 'Pumpkin Gnocchi', 310000, 6, NULL, NULL),

    -- Category 7: Pizza
    (61, 'Margherita Pizza', 200000, 7, '20:00:00', '21:30:00'),
    (62, 'Pepperoni Pizza', 210000, 7, NULL, NULL),
    (63, 'Vegetarian Pizza', 220000, 7, NULL, NULL),
    (64, 'Hawaiian Pizza', 230000, 7, NULL, NULL),
    (65, 'BBQ Chicken Pizza', 240000, 7, NULL, NULL),
    (66, 'Mushroom Pizza', 250000, 7, NULL, NULL),
    (67, 'Spinach and Feta Pizza', 260000, 7, NULL, NULL),
    (68, 'Four Cheese Pizza', 270000, 7, NULL, NULL),
    (69, 'Meat Lover\'s Pizza', 280000, 7, '12:00:00', '14:00:00'),
    (70, 'Buffalo Chicken Pizza', 290000, 7, NULL, NULL),

    -- Category 8: Sandwiches
    (71, 'Club Sandwich', 180000, 8, NULL, NULL),
    (72, 'BLT Sandwich', 190000, 8, '15:00:00', '16:30:00'),
    (73, 'Chicken Caesar Wrap', 200000, 8, NULL, NULL),
    (74, 'Turkey Avocado Sandwich', 210000, 8, NULL, NULL),
    (75, 'Grilled Cheese Sandwich', 220000, 8, NULL, NULL),
    (76, 'Philly Cheesesteak', 230000, 8, NULL, NULL),
    (77, 'Reuben Sandwich', 240000, 8, NULL, NULL),
    (78, 'Tuna Melt Sandwich', 250000, 8, NULL, NULL),
    (79, 'Caprese Panini', 260000, 8, NULL, NULL),
    (80, 'BBQ Pulled Pork Sandwich', 270000, 8, NULL, NULL);
INSERT INTO dishes (dish_id, dish_name, price, category_id, unavailable_start_time, unavailable_end_time)
VALUES
    -- Category 9: Chicken
    (81, 'Roasted Chicken', 220000, 9, NULL, NULL),
    (82, 'Chicken Parmesan', 230000, 9, NULL, NULL),
    (83, 'Chicken Alfredo', 240000, 9, NULL, NULL),
    (84, 'Lemon Herb Chicken', 250000, 9, '12:00:00', '14:00:00'),
    (85, 'Sweet and Sour Chicken', 260000, 9, NULL, NULL),
    (86, 'Chicken Curry', 270000, 9, NULL, NULL),
    (87, 'Honey Mustard Chicken', 280000, 9, NULL, NULL),
    (88, 'Sesame Ginger Chicken', 290000, 9, NULL, NULL),
    (89, 'Crispy Fried Chicken', 300000, 9, '15:00:00', '16:30:00'),
    (90, 'Teriyaki Chicken', 310000, 9, NULL, NULL),

    -- Category 10: Steak
    (91, 'Ribeye Steak', 320000, 10, '12:00:00', '14:00:00'),
    (92, 'Filet Mignon', 330000, 10, NULL, NULL),
    (93, 'New York Strip Steak', 340000, 10, NULL, NULL),
    (94, 'T-bone Steak', 350000, 10, NULL, NULL),
    (95, 'Sirloin Steak', 360000, 10, NULL, NULL),
    (96, 'Porterhouse Steak', 370000, 10, NULL, NULL),
    (97, 'Prime Rib', 380000, 10, NULL, NULL),
    (98, 'Pepper Steak', 390000, 10, '12:00:00', '14:00:00'),
    (99, 'Garlic Butter Steak', 400000, 10, NULL, NULL),
    (100, 'Surf and Turf', 410000, 10, NULL, NULL),

    -- Category 11: Vegetarian
    (101, 'Vegetable Stir-Fry', 200000, 11, NULL, NULL),
    (102, 'Vegetable Curry', 210000, 11, NULL, NULL),
    (103, 'Caprese Salad', 220000, 11, '18:30:00', '20:30:00'),
    (104, 'Vegetable Lasagna', 230000, 11, NULL, NULL),
    (105, 'Eggplant Parmesan', 240000, 11, NULL, NULL),
    (106, 'Mushroom Risotto', 250000, 11, '20:00:00', '21:30:00'),
    (107, 'Stuffed Bell Peppers', 260000, 11, NULL, NULL),
    (108, 'Quinoa Salad', 270000, 11, NULL, NULL),
    (109, 'Vegetable Wrap', 280000, 11, NULL, NULL),
    (110, 'Zucchini Noodles', 290000, 11, NULL, NULL),

    -- Category 12: Rice Dishes
    (111, 'Fried Rice', 220000, 12, NULL, NULL),
    (112, 'Chicken Biryani', 230000, 12, '12:00:00', '14:00:00'),
    (113, 'Beef Fried Rice', 240000, 12, NULL, NULL),
    (114, 'Shrimp Fried Rice', 250000, 12, NULL, NULL),
    (115, 'Vegetable Rice Bowl', 260000, 12, '18:30:00', '20:30:00'),
    (116, 'Pineapple Fried Rice', 270000, 12, NULL, NULL),
    (117, 'Coconut Rice', 280000, 12, NULL, NULL),
    (118, 'Lemon Rice', 290000, 12, NULL, NULL),
    (119, 'Teriyaki Chicken Rice Bowl', 300000, 12, NULL, NULL),
    (120, 'Kimchi Fried Rice', 310000, 12, NULL, NULL);
INSERT INTO dishes (dish_id, dish_name, price, category_id, unavailable_start_time, unavailable_end_time)
VALUES
    -- Category 13: Noodles
    (121, 'Pad Thai', 220000, 13, '20:00:00', '21:30:00'),
    (122, 'Beef Chow Mein', 230000, 13, NULL, NULL),
    (123, 'Chicken Lo Mein', 240000, 13, NULL, NULL),
    (124, 'Singapore Noodles', 250000, 13, NULL, NULL),
    (125, 'Ramen Noodles', 260000, 13, NULL, NULL),
    (126, 'Pho', 270000, 13, NULL, NULL),
    (127, 'Udon Noodles', 280000, 13, '18:30:00', '20:30:00'),
    (128, 'Soba Noodles', 290000, 13, NULL, NULL),
    (129, 'Pancit Canton', 300000, 13, NULL, NULL),
    (130, 'Spaghetti Aglio e Olio', 310000, 13, NULL, NULL),

    -- Category 14: Vegetables
    (131, 'Stir-Fried Vegetables', 220000, 14, '20:00:00', '21:30:00'),
    (132, 'Grilled Asparagus', 230000, 14, NULL, NULL),
    (133, 'Honey Glazed Carrots', 240000, 14, NULL, NULL),
    (134, 'Roasted Brussels Sprouts', 250000, 14, NULL, NULL),
    (135, 'Sauteed Spinach', 260000, 14, NULL, NULL),
    (136, 'Mashed Potatoes', 270000, 14, NULL, NULL),
    (137, 'Steamed Broccoli', 280000, 14, '18:30:00', '20:30:00'),
    (138, 'Creamed Corn', 290000, 14, NULL, NULL),
    (139, 'Baked Zucchini', 300000, 14, NULL, NULL),
    (140, 'Grilled Eggplant', 310000, 14, NULL, NULL),

    -- Category 15: Beverages
    (141, 'Iced Coffee', 220000, 15, '20:00:00', '21:30:00'),
    (142, 'Fresh Juice', 230000, 15, NULL, NULL),
    (143, 'Lemonade', 240000, 15, NULL, NULL),
    (144, 'Iced Tea', 250000, 15, NULL, NULL),
    (145, 'Smoothie', 260000, 15, '18:30:00', '20:30:00'),
    (146, 'Hot Chocolate', 270000, 15, NULL, NULL),
    (147, 'Milkshake', 280000, 15, NULL, NULL),
    (148, 'Soda', 290000, 15, NULL, NULL),
    (149, 'Mocktail', 300000, 15, NULL, NULL),
    (150, 'Mineral Water', 310000, 15, NULL, NULL),

    -- Category 16: Dessert
    (151, 'Chocolate Cake', 220000, 16, NULL, NULL),
    (152, 'Cheesecake', 230000, 16, NULL, NULL),
    (153, 'Tiramisu', 240000, 16, '18:30:00', '20:30:00'),
    (154, 'Apple Pie', 250000, 16, NULL, NULL),
    (155, 'Ice Cream Sundae', 260000, 16, NULL, NULL),
    (156, 'Fruit Tart', 270000, 16, NULL, NULL),
    (157, 'Creme Brulee', 280000, 16, '18:30:00', '20:30:00'),
    (158, 'Panna Cotta', 290000, 16, NULL, NULL),
    (159, 'Banana Split', 300000, 16, NULL, NULL),
    (160, 'Strawberry Shortcake', 310000, 16, NULL, NULL);
INSERT INTO dishes (dish_id, dish_name, price, category_id, unavailable_start_time, unavailable_end_time)
VALUES
    -- Category 17: Snacks
    (161, 'Chicken Wings', 180000, 17, NULL, NULL),
    (162, 'Mozzarella Sticks', 190000, 17, NULL, NULL),
    (163, 'Nachos', 200000, 17, NULL, NULL),
    (164, 'Onion Rings', 210000, 17, NULL, NULL),
    (165, 'Fried Calamari', 220000, 17, NULL, NULL),
    (166, 'Potato Wedges', 230000, 17, '20:00:00', '21:30:00'),
    (167, 'Popcorn Shrimp', 240000, 17, NULL, NULL),
    (168, 'Cheese Fries', 250000, 17, '18:30:00', '20:30:00'),
    (169, 'Garlic Bread', 260000, 17, NULL, NULL),
    (170, 'Fish and Chips', 270000, 17, NULL, NULL),

    -- Category 18: Kids Menu
    (171, 'Chicken Nuggets', 120000, 18, NULL, NULL),
    (172, 'Mini Cheeseburger', 130000, 18, NULL, NULL),
    (173, 'Macaroni and Cheese', 140000, 18, '20:00:00', '21:30:00'),
    (174, 'Peanut Butter and Jelly Sandwich', 150000, 18, NULL, NULL),
    (175, 'Grilled Cheese Sandwich', 160000, 18, NULL, NULL),
    (176, 'Chicken Quesadilla', 170000, 18, NULL, NULL),
    (177, 'Spaghetti Bolognese', 180000, 18, NULL, NULL),
    (178, 'French Toast Sticks', 190000, 18, NULL, NULL),
    (179, 'Mini Pizza', 200000, 18, '20:00:00', '21:30:00'),
    (180, 'Fruit Salad', 210000, 18, NULL, NULL),

    -- Category 19: Cakes
    (181, 'Red Velvet Cake', 250000, 19, NULL, NULL),
    (182, 'Carrot Cake', 260000, 19, '18:30:00', '20:30:00'),
    (183, 'Black Forest Cake', 270000, 19, NULL, NULL),
    (184, 'Strawberry Cake', 280000, 19, NULL, NULL),
    (185, 'Lemon Cake', 290000, 19, NULL, NULL),
    (186, 'Coconut Cake', 300000, 19, NULL, NULL),
    (187, 'Banana Cake', 310000, 19, NULL, NULL),
    (188, 'Pineapple Upside-Down Cake', 320000, 19, '20:00:00', '21:30:00'),
    (189, 'Coffee Cake', 330000, 19, NULL, NULL),
    (190, 'Mango Cake', 340000, 19, NULL, NULL),

    -- Category 20: Ice Cream
    (191, 'Vanilla Ice Cream', 180000, 20, NULL, NULL),
    (192, 'Chocolate Ice Cream', 190000, 20, '20:00:00', '21:30:00'),
    (193, 'Strawberry Ice Cream', 200000, 20, NULL, NULL),
    (194, 'Mint Chocolate Chip Ice Cream', 210000, 20, NULL, NULL),
    (195, 'Cookies and Cream Ice Cream', 220000, 20, NULL, NULL),
    (196, 'Coffee Ice Cream', 230000, 20, NULL, NULL),
    (197, 'Rocky Road Ice Cream', 240000, 20, NULL, NULL),
    (198, 'Salted Caramel Ice Cream', 250000, 20, NULL, NULL),
    (199, 'Pistachio Ice Cream', 260000, 20, NULL, NULL),
    (200, 'Mango Sorbet', 270000, 20, '18:30:00', '20:30:00');
INSERT INTO dish_origins (dish_id, origin_id)
VALUES
    -- Category 1: Appetizers
    (1, 19),
    (1, 9),
    (1, 12),
    (2, 14),
    (3, 14),
    (4, 5),
    (4, 15),
    (4, 10),
    (4, 1),
    (5, 4),
    (6, 15),
    (6, 7),
    (6, 6),
    (7, 15),
    (8, 18),
    (8, 8),
    (9, 18),
    (10, 11),

    -- Category 2: Salads
    (11, 18),
    (12, 17),
    (13, 10),
    (13, 20),
    (13, 1),
    (14, 19),
    (15, 11),
    (15, 1),
    (15, 11),
    (15, 2),
    (16, 1),
    (17, 13),
    (17, 7),
    (18, 11),
    (19, 19),
    (20, 2),
    (20, 9),

    -- Category 3: Soups
    (21, 10),
    (22, 1),
    (23, 2),
    (23, 5),
    (23, 7),
    (23, 9),
    (24, 6),
    (25, 10),
    (26, 7),
    (27, 5),
    (27, 15),
    (27, 4),
    (28, 6),
    (29, 1),
    (30, 4),
    (30, 7),
    (30, 11),

    -- Category 4: Main Dish
    (31, 1),
    (32, 8),
    (32, 3),
    (33, 10),
    (34, 3),
    (35, 10),
    (36, 11),
    (36, 1),
    (37, 7),
    (38, 10),
    (38, 20),
    (39, 6),
    (40, 8);

INSERT INTO dish_origins (dish_id, origin_id)
VALUES
    -- Category 5: Seafood
    (41, 5),
    (41, 14),
    (42, 5),
    (43, 14),
    (44, 5),
    (44, 6),
    (44, 7),
    (44, 9),
    (45, 5),
    (46, 5),
    (47, 5),
    (48, 5),
    (48, 7),
    (48, 9),
    (48, 6),
    (49, 5),
    (49, 15),
    (49, 18),
    (50, 5),

    -- Category 6: Pasta
    (51, 10),
    (52, 10),
    (53, 10),
    (54, 10),
    (55, 10),
    (56, 10),
    (57, 10),
    (58, 10),
    (59, 5),
    (59, 10),
    (60, 10),

    -- Category 7: Pizza
    (61, 5),
    (61, 18),
    (62, 10),
    (63, 10),
    (63, 11),
    (63, 14),
    (63, 14),
    (64, 10),
    (65, 10),
    (66, 10),
    (67, 10),
    (68, 10),
    (69, 10),
    (70, 10),

    -- Category 8: Sandwiches
    (71, 18),
    (72, 18),
    (73, 10),
    (74, 10),
    (75, 10),
    (75, 11),
    (75, 12),
    (75, 13),
    (76, 11),
    (77, 10),
    (77, 15),
    (77, 18),
    (78, 19),
    (79, 10),
    (80, 14),
    (80, 4),
    (80, 9);

INSERT INTO dish_origins (dish_id, origin_id)
VALUES
    -- Category 9: Chicken
    (81, 15),
    (82, 10),
    (83, 10),
    (84, 15),
    (85, 15),
    (86, 16),
    (86, 14),
    (86, 18),
    (87, 10),
    (88, 15),
    (89, 10),
    (89, 4),
    (89, 2),
    (89, 6),
    (90, 6),

    -- Category 10: Steak
    (91, 11),
    (92, 19),
    (93, 18),
    (94, 18),
    (94, 8),
    (94, 14),
    (95, 19),
    (96, 19),
    (96, 1),
    (96, 2),
    (97, 4),
    (98, 15),
    (99, 5),
    (100, 15),

    -- Category 11: Vegetarian
    (101, 15),
    (102, 16),
    (103, 10),
    (104, 10),
    (105, 10),
    (105, 12),
    (105, 19),
    (106, 18),
    (107, 10),
    (107, 16),
    (107, 14),
    (108, 10),
    (109, 10),
    (110, 10),

    -- Category 12: Rice Dishes
    (111, 15),
    (112, 16),
    (113, 19),
    (113, 9),
    (113, 8),
    (114, 5),
    (115, 15),
    (115, 18),
    (115, 20),
    (116, 15),
    (117, 6),
    (117, 20),
    (118, 10),
    (119, 5),
    (119, 17),
    (120, 7);
INSERT INTO dish_origins (dish_id, origin_id)
VALUES
    -- Category 13: Noodles
    (121, 4),
    (121, 7),
    (121, 11),
    (122, 15),
    (123, 15),
    (123, 7),
    (123, 8),
    (124, 20),
    (125, 6),
    (126, 1),
    (127, 6),
    (127, 7),
    (127, 10),
    (127, 15),
    (127, 19),
    (128, 10),
    (129, 20),
    (130, 10),

    -- Category 14: Vegetables
    (131, 15),
    (132, 5),
    (133, 10),
    (134, 5),
    (134, 8),
    (134, 2),
    (135, 10),
    (135, 10),
    (135, 1),
    (136, 4),
    (137, 15),
    (138, 5),
    (138, 8),
    (138, 3),
    (139, 10),
    (140, 10),

    -- Category 15: Beverages
    (141, 5),
    (142, 10),
    (143, 10),
    (143, 1),
    (144, 10),
    (145, 15),
    (145, 8),
    (146, 10),
    (147, 5),
    (148, 10),
    (148, 8),
    (149, 5),
    (149, 2),
    (150, 10),

    -- Category 16: Dessert
    (151, 5),
    (152, 10),
    (153, 16),
    (154, 18),
    (155, 5),
    (155, 3),
    (156, 10),
    (157, 14),
    (157, 5),
    (157, 6),
    (157, 4),
    (157, 1),
    (158, 10),
    (159, 5),
    (160, 10);
INSERT INTO dish_origins (dish_id, origin_id)
VALUES
    -- Category 17: Appetizers
    (161, 5),
    (161, 1),
    (161, 6),
    (161, 15),
    (161, 8),
    (162, 10),
    (162, 8),
    (163, 14),
    (164, 18),
    (165, 5),
    (165, 15),
    (166, 19),
    (167, 5),
    (168, 5),
    (168, 9),
    (169, 18),
    (169, 1),
    (170, 11),

    -- Category 18: Kids Menu
    (171, 11),
    (172, 10),
    (173, 20),
    (174, 10),
    (173, 10),
    (175, 10),
    (175, 5),
    (176, 14),
    (176, 1),
    (177, 10),
    (178, 10),
    (178, 4),
    (179, 20),
    (179, 1),
    (180, 5),
    (180, 9),

    -- Category 19: Cakes
    (181, 5),
    (182, 10),
    (183, 5),
    (184, 10),
    (185, 10),
    (185, 9),
    (186, 10),
    (186, 9),
    (187, 10),
    (188, 20),
    (188, 12),
    (188, 16),
    (189, 10),
    (189, 20),
    (189, 7),
    (190, 20),

    -- Category 20: Ice Cream
    (191, 10),
    (192, 5),
    (192, 9),
    (193, 10),
    (194, 5),
    (195, 5),
    (194, 9),
    (196, 10),
    (197, 5),
    (198, 10),
    (198, 7),
    (199, 10),
    (199, 9),
    (200, 20);

INSERT INTO ingredients (ingredient_id, ingredient_name, quantity, import_date, expiration_date, counting_unit)
VALUES
  (1, 'Artichoke hearts', 40, '2023-06-09', '2024-06-09', 'pieces'),
  (2, 'Basil', 815.75, '2023-06-09', '2024-06-09', 'grams'),
  (3, 'Beef', 300.0, '2023-06-09', '2024-06-09', 'kilograms'),
  (4, 'Bell peppers', 123.0, '2023-06-09', '2024-06-09', 'pieces'),
  (5, 'Bread', 98.0, '2023-06-09', '2024-06-09', 'loaves'),
  (6, 'Butter', 90.0, '2023-06-09', '2024-06-09', 'kilograms'),
  (7, 'Calamari', 75.0, '2023-06-09', '2024-06-09', 'kilograms'),
  (8, 'Cheese', 85.0, '2023-06-09', '2024-06-09', 'kilograms'),
  (9, 'Chicken', 200.0, '2023-06-09', '2024-06-09', 'kilograms'),
  (10, 'Chicken breast', 200.0, '2023-06-09', '2024-06-09', 'pieces'),
  (11, 'Chicken wings', 315, '2023-06-09', '2024-06-09', 'pieces'),
  (12, 'Clams', 95, '2023-06-09', '2024-06-09', 'kilograms'),
  (13, 'Coconut milk', 100.0, '2023-06-09', '2024-06-09', 'liters'),
  (14, 'Corn', 93.0, '2023-06-09', '2024-06-09', 'ears'),
  (15, 'Cornstarch', 150.0, '2023-06-09', '2024-06-09', 'kilograms'),
  (16, 'Cucumbers', 203.0, '2023-06-09', '2024-06-09', 'pieces'),
  (17, 'Eggplant', 200.0, '2023-06-09', '2024-06-09', 'pieces'),
  (18, 'Fish', 500.0, '2023-06-09', '2024-06-09', 'kilograms'),
  (19, 'Flour', 350.0, '2023-06-09', '2024-06-09', 'kilograms'),
  (20, 'Garlic', 95.0, '2023-06-09', '2024-06-09', 'cloves'),
  (21, 'Ginger', 50.0, '2023-06-09', '2024-06-09', 'kilograms'),
  (22, 'Grape', 250.0, '2023-06-09', '2024-06-09', 'kilograms'),
  (23, 'Ground beef', 400.0, '2023-06-09', '2024-06-09', 'kilograms'),
  (24, 'Honey', 100.0, '2023-06-09', '2024-06-09', 'liters'),
  (25, 'Kimchi', 450.0, '2023-06-09', '2024-06-09', 'kilograms'),
  (26, 'Lemons', 300.0, '2023-06-09', '2024-06-09', 'pieces'),
  (27, 'Lentils', 200.0, '2023-06-09', '2024-06-09', 'kilograms'),
  (28, 'Lettuce', 71.0, '2023-06-09', '2024-06-09', 'head'),
  (29, 'Macaroni', 250.0, '2023-06-09', '2024-06-09', 'kilograms'),
  (30, 'Mushrooms', 150.0, '2023-06-09', '2024-06-09', 'kilograms'),
  (31, 'Mustard', 30.0, '2023-06-09', '2024-06-09', 'kilograms'),
  (32, 'Noodles', 200.0, '2023-06-09', '2024-06-09', 'kilograms'),
  (33, 'Olive oil', 100.0, '2023-06-09', '2024-06-09', 'liters'),
  (34, 'Onions', 300.0, '2023-06-09', '2024-06-09', 'pieces'),
  (35, 'Oranges', 400.0, '2023-06-09', '2024-06-09', 'pieces'),
  (36, 'Parsley', 15.0, '2023-06-09', '2024-06-09', 'kilograms'),
  (37, 'Peanut Butter', 100.0, '2023-06-09', '2024-06-09', 'kilograms'),
  (38, 'Pepper', 5.0, '2023-06-09', '2024-06-09', 'kilograms'),
  (39, 'Pineapple', 100.0, '2023-06-09', '2024-06-09', 'pieces'),
  (40, 'Potatoes', 300.0, '2023-06-09', '2024-06-09', 'kilograms'),
  (41, 'Prime rib', 198.5, '2023-06-09', '2024-06-09', 'kilograms'),
  (42, 'Rice', 650.0, '2023-06-09', '2024-06-09', 'kilograms'),
  (43, 'Salt', 10.0, '2023-06-09', '2024-06-09', 'kilograms'),
  (44, 'Sandwich', 970.0, '2023-06-09', '2024-06-09', 'piece'),
  (45, 'Sesame oil', 20.0, '2023-06-09', '2024-06-09', 'liters'),
  (46, 'Shrimp', 300.0, '2023-06-09', '2024-06-09', 'kilograms'),
  (47, 'Spaghetti', 250.0, '2023-06-09', '2024-06-09', 'kilograms'),
  (48, 'Spinach', 70.0, '2023-06-09', '2024-06-09', 'kilograms'),
  (49, 'Strawberries', 300.0, '2023-06-09', '2024-06-09', 'kilograms'),
  (50, 'T-bone steak', 97.0, '2023-06-09', '2024-06-09', 'piece'),
  (51, 'Thyme', 5.0, '2023-06-09', '2024-06-09', 'kilograms'),
  (52, 'Tomatoes', 194.0, '2023-06-09', '2024-06-09', 'pieces'),
  (53, 'Tuna', 200.0, '2023-06-09', '2024-06-09', 'kilograms'),
  (54, 'Walnuts', 100.0, '2023-06-09', '2024-06-09', 'kilograms'),
  (55, 'Zucchini', 210.0, '2023-06-09', '2024-06-09', 'pieces');
INSERT INTO dish_ingredients (dish_id, ingredient_id)
VALUES
  -- Category 1: Appetizers
  (1, 1),
  (1, 5),
  (1, 20),
  (1, 35),
  (2, 9),
  (2, 31),
  (2, 33),
  (2, 38),
  (3, 2),
  (3, 4),
  (3, 10),
  (3, 20),
  (4, 2),
  (4, 7),
  (4, 16),
  (4, 27),
  (5, 5),
  (5, 14),
  (5, 24),
  (5, 34),
  (6, 6),
  (6, 8),
  (6, 11),
  (6, 40),
  (7, 7),
  (7, 10),
  (7, 23),
  (7, 46),
  (8, 8),
  (8, 14),
  (8, 24),
  (8, 34),
  (9, 4),
  (9, 16),
  (9, 35),
  (9, 42),
  (10, 7),
  (10, 15),
  (10, 17),
  (10, 23),

  -- Category 2: Salads
  (11, 3),
  (11, 4),
  (11, 11),
  (11, 28),
  (12, 4),
  (12, 12),
  (12, 16),
  (12, 28),
  (13, 2),
  (13, 4),
  (13, 52),
  (13, 53),
  (14, 3),
  (14, 16),
  (14, 18),
  (14, 28),
  (15, 3),
  (15, 9),
  (15, 16),
  (15, 28),
  (16, 6),
  (16, 14),
  (16, 24),
  (16, 28),
  (17, 19),
  (17, 22),
  (17, 23),
  (17, 33),
  (18, 11),
  (18, 14),
  (18, 24),
  (18, 32),
  (19, 4),
  (19, 8),
  (19, 34),
  (19, 39),
  (20, 6),
  (20, 8),
  (20, 17),
  (20, 54),

  -- Category 3: Soups
  (21, 2),
  (21, 20),
  (21, 32),
  (21, 33),
  (22, 9),
  (22, 15),
  (22, 28),
  (22, 34),
  (23, 30),
  (23, 32),
  (23, 35),
  (23, 39),
  (24, 12),
  (24, 16),
  (24, 30),
  (24, 34),
  (25, 13),
  (25, 21),
  (25, 27),
  (25, 43),
  (26, 7),
  (26, 10),
  (26, 17),
  (26, 23),
  (26, 46),
  (27, 8),
  (27, 14),
  (27, 24),
  (27, 34),
  (28, 6),
  (28, 8),
  (28, 11),
  (28, 40),
  (29, 7),
  (29, 10),
  (29, 23),
  (29, 46),
  (30, 4),
  (30, 16),
  (30, 35),
  (30, 42),
  (31, 3),
  (31, 8),
  (31, 14),
  (32, 25),
  (32, 37),
  (32, 44),
  (33, 7),
  (33, 11),
  (33, 18),
  (33, 26),
  (34, 2),
  (34, 19),
  (34, 33),
  (35, 4),
  (35, 21),
  (36, 10),
  (36, 12),
  (36, 28),
  (36, 32),
  (37, 5),
  (37, 15),
  (38, 1),
  (38, 13),
  (38, 30),
  (39, 6),
  (39, 16),
  (39, 29),
  (40, 9),
  (40, 23),
  (40, 38);


INSERT INTO dish_ingredients (dish_id, ingredient_id)
VALUES
    (41, 46),
    (42, 12),
    (42, 43),
    (43, 12),
    (43, 32),
    (44, 46),
    (44, 38),
    (45, 18),
    (45, 34),
    (46, 46),
    (47, 46),
    (48, 41),
    (49, 12),
    (49, 46),
    (50, 46),
    (50, 52),
    (51, 23),
    (51, 52),
    (52, 8),
    (52, 35),
    (53, 31),
    (53, 52),
    (54, 23),
    (54, 8),
    (55, 36),
    (55, 52),
    (56, 36),
    (56, 52),
    (57, 20),
    (57, 52),
    (58, 29),
    (59, 46),
    (59, 53),
    (60, 40),
    (60, 52);
INSERT INTO dish_ingredients (dish_id, ingredient_id)
VALUES
    (61, 5),
    (61, 16),
    (61, 25),
    (62, 4),
    (62, 20),
    (62, 31),
    (63, 18),
    (63, 35),
    (63, 41),
    (63, 52),
    (64, 7),
    (64, 26),
    (64, 33),
    (65, 9),
    (65, 19),
    (65, 34),
    (66, 3),
    (66, 27),
    (66, 43),
    (67, 12),
    (67, 29),
    (67, 38),
    (68, 13),
    (68, 42),
    (69, 8),
    (69, 28),
    (69, 48),
    (70, 36),
    (70, 52),
    (71, 15),
    (71, 30),
    (71, 39),
    (72, 14),
    (72, 23),
    (72, 51),
    (73, 1),
    (73, 44),
    (73, 55),
    (74, 2),
    (74, 11),
    (74, 50),
    (75, 21),
    (75, 32),
    (75, 46),
    (76, 6),
    (76, 17),
    (76, 47),
    (76, 54),
    (77, 10),
    (77, 24),
    (77, 49),
    (78, 22),
    (78, 37),
    (78, 53),
    (79, 45),
    (79, 47),
    (80, 12),
    (80, 18),
    (80, 31),
    (80, 36);
INSERT INTO dish_ingredients (dish_id, ingredient_id)
VALUES
    (81, 2),
    (81, 23),
    (81, 29),
    (82, 12),
    (82, 24),
    (82, 40),
    (83, 1),
    (83, 18),
    (83, 33),
    (84, 4),
    (84, 25),
    (85, 10),
    (85, 22),
    (86, 3),
    (86, 20),
    (86, 31),
    (87, 8),
    (87, 17),
    (87, 35),
    (88, 9),
    (88, 15),
    (89, 5),
    (89, 28),
    (89, 44),
    (90, 16),
    (90, 26),
    (90, 48),
    (91, 11),
    (91, 21),
    (91, 32),
    (91, 45),
    (92, 6),
    (92, 38),
    (93, 7),
    (93, 27),
    (93, 50),
    (93, 51),
    (94, 13),
    (94, 30),
    (94, 47),
    (95, 19),
    (95, 41),
    (95, 54),
    (96, 14),
    (96, 36),
    (97, 37),
    (97, 46),
    (98, 42),
    (98, 49),
    (99, 34),
    (99, 53),
    (100, 52),
    (101, 39),
    (101, 55),
    (102, 43),
    (103, 47),
    (104, 12),
    (104, 18),
    (104, 31),
    (104, 36),
    (105, 1),
    (105, 25),
    (105, 48),
    (106, 8),
    (106, 23),
    (106, 37),
    (107, 10),
    (107, 20),
    (107, 34),
    (108, 9),
    (108, 27),
    (108, 41),
    (109, 4),
    (109, 15),
    (109, 54),
    (110, 6),
    (110, 28),
    (110, 52),
    (111, 11),
    (111, 22),
    (111, 51),
    (112, 2),
    (112, 14),
    (112, 49),
    (113, 19),
    (113, 33),
    (113, 45),
    (114, 5),
    (114, 24),
    (114, 53),
    (115, 7),
    (115, 30),
    (116, 16),
    (116, 26),
    (116, 50),
    (117, 13),
    (117, 32),
    (117, 46),
    (118, 21),
    (118, 38),
    (119, 3),
    (119, 42),
    (119, 55),
    (120, 17),
    (120, 39),
    (120, 43);
INSERT INTO dish_ingredients (dish_id, ingredient_id)
VALUES
    (121, 3),
    (121, 14),
    (121, 27),
    (122, 9),
    (122, 18),
    (122, 35),
    (123, 7),
    (123, 22),
    (123, 36),
    (124, 2),
    (124, 25),
    (124, 48),
    (125, 4),
    (125, 21),
    (125, 32),
    (126, 8),
    (126, 15),
    (126, 33),
    (126, 41),
    (127, 12),
    (127, 26),
    (127, 46),
    (128, 11),
    (128, 23),
    (128, 37),
    (129, 1),
    (129, 20),
    (129, 49),
    (130, 10),
    (130, 24),
    (130, 53),
    (131, 19),
    (131, 28),
    (131, 44),
    (131, 55),
    (132, 5),
    (132, 30),
    (133, 6),
    (133, 27),
    (133, 52),
    (134, 13),
    (134, 29),
    (134, 45),
    (135, 16),
    (135, 31),
    (135, 54),
    (136, 17),
    (136, 38),
    (136, 50),
    (137, 39),
    (137, 51),
    (138, 42),
    (139, 47),
    (140, 12),
    (140, 24),
    (140, 33),
    (141, 1),
    (141, 20),
    (141, 37),
    (142, 8),
    (142, 23),
    (142, 44),
    (143, 10),
    (143, 18),
    (143, 41),
    (144, 5),
    (144, 26),
    (144, 53),
    (145, 6),
    (145, 21),
    (145, 51),
    (146, 2),
    (146, 15),
    (146, 49),
    (147, 19),
    (147, 35),
    (147, 45),
    (148, 4),
    (148, 25),
    (148, 54),
    (149, 7),
    (149, 30),
    (149, 46),
    (150, 16),
    (150, 31),
    (150, 55),
    (151, 11),
    (151, 22),
    (151, 52),
    (152, 13),
    (152, 28),
    (152, 47),
    (153, 9),
    (153, 27),
    (154, 14),
    (154, 26),
    (154, 50),
    (155, 3),
    (155, 33),
    (155, 43),
    (156, 17),
    (156, 36),
    (156, 55),
    (157, 15),
    (157, 31),
    (157, 48),
    (158, 2),
    (158, 30),
    (158, 52),
    (159, 5),
    (159, 19),
    (159, 47),
    (160, 8),
    (160, 23),
    (160, 54);
INSERT INTO dish_ingredients (dish_id, ingredient_id)
VALUES
    (161, 7),
    (161, 21),
    (161, 47),
    (162, 3),
    (162, 16),
    (162, 38),
    (162, 48),
    (163, 6),
    (163, 24),
    (163, 52),
    (164, 3),
    (164, 23),
    (164, 39),
    (165, 8),
    (165, 26),
    (165, 50),
    (166, 13),
    (166, 29),
    (166, 44),
    (167, 12),
    (167, 27),
    (167, 49),
    (168, 9),
    (168, 22),
    (168, 37),
    (169, 1),
    (169, 20),
    (169, 41),
    (170, 11),
    (170, 25),
    (170, 55),
    (171, 5),
    (171, 30),
    (171, 53),
    (172, 17),
    (172, 36),
    (172, 46),
    (173, 10),
    (173, 28),
    (173, 51),
    (174, 4),
    (174, 31),
    (174, 54),
    (175, 14),
    (175, 32),
    (175, 43),
    (176, 19),
    (176, 35),
    (176, 45),
    (177, 15),
    (177, 33),
    (177, 55),
    (178, 18),
    (178, 42),
    (178, 53),
    (179, 7),
    (179, 26),
    (179, 51),
    (179, 54),
    (180, 6),
    (180, 31),
    (180, 52),
    (181, 3),
    (181, 20),
    (181, 47),
    (182, 8),
    (182, 23),
    (182, 44),
    (183, 1),
    (183, 18),
    (183, 41),
    (184, 11),
    (184, 25),
    (184, 55),
    (185, 5),
    (185, 30),
    (185, 53),
    (186, 12),
    (186, 22),
    (186, 49),
    (187, 16),
    (187, 29),
    (187, 46),
    (188, 9),
    (188, 24),
    (188, 50),
    (189, 4),
    (189, 21),
    (189, 54),
    (190, 17),
    (190, 38),
    (190, 45),
    (191, 13),
    (191, 35),
    (191, 55),
    (192, 2),
    (192, 15),
    (192, 43),
    (193, 10),
    (193, 28),
    (193, 47),
    (194, 14),
    (194, 33),
    (194, 42),
    (195, 7),
    (195, 26),
    (195, 52),
    (195, 55),
    (196, 6),
    (196, 31),
    (196, 49),
    (197, 3),
    (197, 20),
    (197, 44),
    (198, 8),
    (198, 23),
    (198, 41),
    (199, 1),
    (199, 18),
    (199, 46),
    (200, 11),
    (200, 25),
    (200, 50);
